,Modified sequence,Charge
0,_(ac)AAAAAAAAAAGAAGGR_,2
1,_(ac)AAAAAAAAEQQSSNGPVKK_,2
2,_(ac)AAAAAAAGAAGSAAPAAAAGAPGSGGAPSGSQGVLIGDR_,3
3,_(ac)AAAAAAAGDSDSWDADAFSVEDPVRK_,2
4,_(ac)AAAAAAAGDSDSWDADAFSVEDPVRK_,3
5,_(ac)AAAAAAAGDSDSWDADAFSVEDPVR_,2
6,_(ac)AAAAAAAGDSDSWDADAFSVEDPVR_,3
7,_(ac)AAAAAAAPSGGGGGGEEERLEEK_,2
8,_(ac)AAAAAAAPSGGGGGGEEERLEEK_,3
9,_(ac)AAAAAAAPSGGGGGGEEERLEE_,2
10,_(ac)AAAAAAAPSGGGGGGEEER_,2
11,_(ac)AAAAAAAVGGQQPSQPELPAPGLALDK_,3
12,_(ac)AAAAAAGAASGLPGPVAQGLK_,2
13,_(ac)AAAAAAGAASGLPGPVAQGLK_,3
14,_(ac)AAAAAAGAASGLPGPVAQGL_,2
15,_(ac)AAAAAAGAGPEM(ox)VR_,2
16,_(ac)AAAAAAGAGPEMVR_,2
17,_(ac)AAAAAAGPSPGSGPGDSPEGPEGEAPERR_,3
18,_(ac)AAAAAAGPSPGSGPGDSPEGPEGEAPER_,2
19,_(ac)AAAAAAGPSPGSGPGDSPEGPEGEAPER_,3
20,_(ac)AAAAAAGSGTPR_,2
21,_(ac)AAAAAATAAAAASIR_,2
22,_(ac)AAAAAAVGPGAGGAGSAVPGGAGPCATVSVFPGAR_,3
23,_(ac)AAAAAEEGM(ox)EPR_,2
24,_(ac)AAAAAEQQQFYLLLGNLLSPDNVVRK_,2
25,_(ac)AAAAAEQQQFYLLLGNLLSPDNVVRK_,3
26,_(ac)AAAAAEQQQFYLLLGNLLSPDNVVR_,2
27,_(ac)AAAAAEQQQFYLLLGNLLSPDNVVR_,3
28,_(ac)AAAAAETPEVLRECGCK_,2
29,_(ac)AAAAAETPEVLR_,2
30,_(ac)AAAAAGAGSGPWAAQEK_,2
31,_(ac)AAAAAGLGGGGAGPGPEAGDFLAR_,2
32,_(ac)AAAAAGLGGGGAGPGPEAGDFLAR_,3
33,_(ac)AAAAAGTATSQRFFQSFSDALIDEDPQAALEELT_,3
34,_(ac)AAAAAGTATSQR_,2
35,_(ac)AAAAAM(ox)AEQESAR_,2
36,_(ac)AAAAAMAEQESAR_,2
37,_(ac)AAAAAQGGGGGEPRRTEGVGPGVPGEVEM(ox)V_,3
38,_(ac)AAAAAQGGGGGEPR_,2
39,_(ac)AAAAASAPQQLSDEELFSQLR_,2
40,_(ac)AAAAASAPQQLSDEELFSQLR_,3
41,_(ac)AAAAASASQDELNQLER_,2
42,_(ac)AAAAASHLNLDALR_,2
43,_(ac)AAAAAVGNAVPCGAR_,2
44,_(ac)AAAADLVVPTLAIR_,2
45,_(ac)AAAADSFSGGPAGVR_,2
46,_(ac)AAAAECDVVM(ox)AATEPELLDDQEAK_,2
47,_(ac)AAAAECDVVM(ox)AATEPELLDDQEAK_,3
48,_(ac)AAAAECDVVMAATEPELLDDQEAKR_,2
49,_(ac)AAAAECDVVMAATEPELLDDQEAKR_,3
50,_(ac)AAAAECDVVMAATEPELLDDQEAK_,2
51,_(ac)AAAAEGVLATRSDEPARDDAAVETAEEA_,3
52,_(ac)AAAAELSLLEK_,2
53,_(ac)AAAAGAAAAAAAEGEAPAEM(ox)GALLLEK_,3
54,_(ac)AAAAGAAAAAAAEGEAPAEM(ox)GALLLE_,2
55,_(ac)AAAAGAAAAAAAEGEAPAEMGALLLEK_,2
56,_(ac)AAAAGAAAAAAAEGEAPAEMGALLLEK_,3
57,_(ac)AAAAGDADDEPR_,2
58,_(ac)AAAAGDGGGEGGAGLGSAAGLGPGPGLR_,2
59,_(ac)AAAAGDGGGEGGAGLGSAAGLGPGPGLR_,3
60,_(ac)AAAAGDGTVKPLQSAM(ox)K_,2
61,_(ac)AAAAGGGGPGTAVGATGSGIAAAAAGLAVYR_,3
62,_(ac)AAAAGPGAALSPRPCDSDPATPGAQSPK_,3
63,_(ac)AAAALGSSSGSASPAVAELCQNTPETFLEASK_,3
64,_(ac)AAAAM(ox)AAAAGGGAGAAR_,2
65,_(ac)AAAANSGSSLPLFDCPTWAGKPPPGLHLDVVK_,3
66,_(ac)AAAAPAAAAASSEAPAASATAEPEAGDQDSR_,3
67,_(ac)AAAAPDSRVSEEENLK_,2
68,_(ac)AAAAPDSRVSEEENL_,2
69,_(ac)AAAAPVAADDDERR_,2
70,_(ac)AAAAPVAADDDER_,2
71,_(ac)AAAAQLSLTQLSSGNPVYEK_,2
72,_(ac)AAAAQLSLTQLSSGNPVYE_,2
73,_(ac)AAAATAAEGVPSRGPPGEVIHLNVGGK_,3
74,_(ac)AAAATAAEGVPSRGPPGEVIHLNVGG_,3
75,_(ac)AAAATAAEGVPSR_,2
76,_(ac)AAAAVGAGHGAGGPGAASSSGGAR_,2
77,_(ac)AAAAVGAGHGAGGPGAASSSGGAR_,3
78,_(ac)AAAAVSESWPELELAERER_,2
79,_(ac)AAAAVSESWPELELAER_,2
80,_(ac)AAAAVVEFQRAQSLLSTDREASIDILHSIV_,4
81,_(ac)AAAAVVEFQR_,2
82,_(ac)AAAAVVVPAEWIK_,2
83,_(ac)AAAAYVDHFAAECLVSM(ox)SSR_,2
84,_(ac)AAAAYVDHFAAECLVSMSSR_,2
85,_(ac)AAADAEAVPARGEPQQDCCVK_,2
86,_(ac)AAADAEAVPAR_,2
87,_(ac)AAADGALPEAAALEQPAELPASVR_,2
88,_(ac)AAADGALPEAAALEQPAELPASVR_,3
89,_(ac)AAADGDDSLYPIAVLIDELR_,2
90,_(ac)AAADGGGPGGASVGTEEDGGGVGHRTVYLFDRRE_,4
91,_(ac)AAADGGGPGGASVGTEEDGGGVGHR_,2
92,_(ac)AAADGGGPGGASVGTEEDGGGVGHR_,3
93,_(ac)AAADGSLFDNPR_,2
94,_(ac)AAAEAANCIM(ox)EVSCGQAESSEKPNAEDM(ox)TSK_,3
95,_(ac)AAAEAANCIM(ox)EVSCGQAESSEK_,2
96,_(ac)AAAEAANCIM(ox)EVSCGQAESSEK_,3
97,_(ac)AAAEAANCIMEVSCGQAESSEK_,2
98,_(ac)AAAEAANCIMEVSCGQAESSEK_,3
99,_(ac)AAAEAGGDDAR_,2
100,_(ac)AAAEEEDGGPEGPNRER_,2
101,_(ac)AAAEEEDGGPEGPNR_,2
102,_(ac)AAAEEEPKPK_,2
103,_(ac)AAAEEGCSVGAEADR_,2
104,_(ac)AAAETQSLREQPEM(ox)EDANSE_,2
105,_(ac)AAAETQSLR_,2
106,_(ac)AAAEVADTQLM(ox)LGVGLIEK_,2
107,_(ac)AAAEVADTQLMLGVGLIEK_,2
108,_(ac)AAAFEASGALAAVATAM(ox)PAEHVAVQVPAPEPTPGPVR_,3
109,_(ac)AAAGAAATHLEVARG_,2
110,_(ac)AAAGAAATHLEVAR_,2
111,_(ac)AAAGAGPGQEAGAGPGPGAVANATGAEEGEM(ox)K_,2
112,_(ac)AAAGAGPGQEAGAGPGPGAVANATGAEEGEM(ox)K_,3
113,_(ac)AAAGAGPGQEAGAGPGPGAVANATGAEEGEMK_,3
114,_(ac)AAAGAPDGM(ox)EEPGM(ox)DTEAETVATEAPAR_,3
115,_(ac)AAAGGGGGGAAAAGRAYSF_,2
116,_(ac)AAAGGGGGGAAAAGR_,2
117,_(ac)AAAINGVFPPTLQELVK_,2
118,_(ac)AAAITDM(ox)ADLEELSR_,2
119,_(ac)AAAITDMADLEELSR_,2
120,_(ac)AAALGASGGAGAGDDDFDQFDKPGAER_,2
121,_(ac)AAALGASGGAGAGDDDFDQFDKPGAER_,3
122,_(ac)AAALGASGGAGAGDDDFDQFDK_,2
123,_(ac)AAAM(ox)DVDTPSGTNSGAGKK_,2
124,_(ac)AAAM(ox)DVDTPSGTNSGAGK_,2
125,_(ac)AAAMDVDTPSGTNSGAGKK_,2
126,_(ac)AAAMDVDTPSGTNSGAGK_,2
127,_(ac)AAAPPSYCFVAFPPR_,2
128,_(ac)AAAQEADGAR_,2
129,_(ac)AAAQTSPAATLVDVLTK_,2
130,_(ac)AAARHSTLDFM(ox)LGA_,2
131,_(ac)AAASGYTDLREK_,2
132,_(ac)AAASGYTDLRE_,2
133,_(ac)AAASGYTDLR_,2
134,_(ac)AAASSSDSDACGAESNEANSK_,2
135,_(ac)AAASVSAASGSHLSNSFAEPSR_,2
136,_(ac)AAASVTPPGSLELLQPGFSK_,2
137,_(ac)AAASVTPPGSLELLQPGFS_,2
138,_(ac)AAATADPGAGNPQPGDSSGGGAGGGLPSPGEQELSR_,3
139,_(ac)AAATGAVAASAASGQAEGKK_,2
140,_(ac)AAATGAVAASAASGQAEGK_,2
141,_(ac)AAATGPSFWLGNETLK_,2
142,_(ac)AAATGPSFWLGNETL_,2
143,_(ac)AAATIVHDTSEAVELCPAYGLYLK_,2
144,_(ac)AAATIVHDTSEAVELCPAYGLYLK_,3
145,_(ac)AAAVAAAGAGEPQSPDELLPK_,2
146,_(ac)AAAVAAAGAGEPQSPDELLPK_,3
147,_(ac)AAAVAAAGAGEPQSPDELLP_,2
148,_(ac)AAAVAAPLAAGGEEAAATTSVPGSPGLPGR_,3
149,_(ac)AAAVAM(ox)ETDDAGNRLR_,2
150,_(ac)AAAVAM(ox)ETDDAGNR_,2
151,_(ac)AAAVAMETDDAGNRLR_,2
152,_(ac)AAAVAMETDDAGNR_,2
153,_(ac)AAAVGSVATLATEPGEDAFRK_,2
154,_(ac)AAAVGSVATLATEPGEDAFR_,2
155,_(ac)AAAVLSGPSAGSAAGVPGGTGGLSAVSSGPR_,2
156,_(ac)AAAVLSGPSAGSAAGVPGGTGGLSAVSSGPR_,3
157,_(ac)AAAVRQDLAQLM(ox)NSSGSHK_,2
158,_(ac)AAAVRQDLAQLM(ox)NSSGSHK_,3
159,_(ac)AAAVRQDLAQLM(ox)NSSGSH_,2
160,_(ac)AAAVRQDLAQLM(ox)NSSGSH_,3
161,_(ac)AAAVVQSFGQEELFVSR_,2
162,_(ac)AAAYLDPNLNHTPNSSTK_,2
163,_(ac)AADISESSGADCK_,2
164,_(ac)AADKPADQGAEK_,2
165,_(ac)AADQAHFQQLLASLLSTDNDVR_,3
166,_(ac)AADSDDGAVSAPAASDGGVSK_,2
167,_(ac)AADSREEK_,2
168,_(ac)AADTQVSETLKR_,2
169,_(ac)AADTQVSETLK_,2
170,_(ac)AADVSVTHRPPLSPK_,2
171,_(ac)AADVSVTHRPPLSPK_,3
172,_(ac)AADVSVTHRPPLSP_,2
173,_(ac)AAEAADLGLGAAVPVELRR_,2
174,_(ac)AAEAADLGLGAAVPVELR_,2
175,_(ac)AAEALAAEAVASR_,2
176,_(ac)AAEATAVAGSGAVGGCLAK_,2
177,_(ac)AAEDELQLPRLPELFETGRQLLDEVEVATEPAGSRIVQE_,4
178,_(ac)AAEDELQLPR_,2
179,_(ac)AAEEEEVDSADTGER_,2
180,_(ac)AAEEGKFDNILLAVAE_,2
181,_(ac)AAEEGVASAASAGGSWGTAAMGR_,2
182,_(ac)AAEEPQQQK_,2
183,_(ac)AAEEVLQTVDHYK_,2
184,_(ac)AAEEVLQTVDHY_,2
185,_(ac)AAEPLTELEESIETVVTTFFTFARQEGR_,3
186,_(ac)AAEPVEDNCINFVAM(ox)K_,2
187,_(ac)AAEPVEDNCINFVAMK_,2
188,_(ac)AAEQDPEAR_,2
189,_(ac)AAESALQVVEK_,2
190,_(ac)AAESGSDFQQR_,2
191,_(ac)AAESSYGFVYGVSGPVVTAEK_,2
192,_(ac)AAETQTLNFGPEWLR_,2
193,_(ac)AAETRNVAGAEAPPPQ_,2
194,_(ac)AAEVLPSAR_,2
195,_(ac)AAEVYFGDLELFEPFDHPEESIPK_,2
196,_(ac)AAFAVEPQGPALGSEPM(ox)M(ox)LGSPTSPK_,2
197,_(ac)AAFAVEPQGPALGSEPM(ox)M(ox)LGSPTSPK_,3
198,_(ac)AAFGILSYEHRPLK_,2
199,_(ac)AAFGILSYEHRPLK_,3
200,_(ac)AAFGILSYEHRPL_,2
201,_(ac)AAFGILSYEHR_,2
202,_(ac)AAFGLLSYEQRPLK_,2
203,_(ac)AAGAAEAAVAAVEEVGSAGQFEELLR_,3
204,_(ac)AAGADTQLEHM(ox)CR_,2
205,_(ac)AAGADTQLEHMCR_,2
206,_(ac)AAGEQVSNM(ox)FDTILVLDFGSQYSHLITR_,3
207,_(ac)AAGESM(ox)AQR_,2
208,_(ac)AAGETQLYAKVSNK_,2
209,_(ac)AAGGAEGGSGPGAAM(ox)GDCAEIK_,2
210,_(ac)AAGGAEGGSGPGAAMGDCAEIK_,2
211,_(ac)AAGGAVAAAPECRLLPYALH_,2
212,_(ac)AAGGAVAAAPECR_,2
213,_(ac)AAGGDHGSPDSYR_,2
214,_(ac)AAGGGGSCDPLAPAGVPCAFSPHSQAYFALASTDGHLR_,4
215,_(ac)AAGGSDPRAGDVEEDASQLIFP_,2
216,_(ac)AAGGSDPRAGDVEEDASQLIFP_,3
217,_(ac)AAGGTGGLREEQR_,2
218,_(ac)AAGLEQLQGLLQSLGELK_,2
219,_(ac)AAGPIAERNQDATIYAGGLDDK_,2
220,_(ac)AAGPIAERNQDATIYAGGLDD_,2
221,_(ac)AAGPISERNQDATVYVGGLDEK_,2
222,_(ac)AAGPISERNQDATVYVGGLDEK_,3
223,_(ac)AAGPISERNQDATVYVGGLDE_,2
224,_(ac)AAGPISERNQDATVYVGGLDE_,3
225,_(ac)AAGSDLLDEVFFNSEVDEK_,2
226,_(ac)AAGSEATTPVIVAAGAGGEEGEHVK_,2
227,_(ac)AAGSEATTPVIVAAGAGGEEGEHVK_,3
228,_(ac)AAGTAAALAFLSQESR_,2
229,_(ac)AAGTLYTYPENWRAF_,2
230,_(ac)AAGTLYTYPENWR_,2
231,_(ac)AAGTSSYWEDLRK_,2
232,_(ac)AAGTSSYWEDLR_,2
233,_(ac)AAGVDCGDGVGAR_,2
234,_(ac)AAGVEAAAEVAATEIKM(ox)EEESGAPGVPSGNGAPGPKGEGERPAQNE_,4
235,_(ac)AAGVEAAAEVAATEIK_,2
236,_(ac)AAHGGSAASSALK_,2
237,_(ac)AAHLSYGR_,2
238,_(ac)AAHRPGPL_,2
239,_(ac)AAHRPVEWVQAVVSR_,3
240,_(ac)AAIAASEVLVDSAEEGSLAAAAELAAQKR_,3
241,_(ac)AAIAASEVLVDSAEEGSLAAAAELAAQK_,3
242,_(ac)AAIEERFQAAVNVIKGLP_,2
243,_(ac)AAIEERFQAAVNVIKGLP_,3
244,_(ac)AAIEERFQAAVNVIK_,2
245,_(ac)AAIGVHLGCTSACVAVYK_,2
246,_(ac)AAIHINHDVFNK_,2
247,_(ac)AAIKDSLLAQVAEVLPSSGH_,2
248,_(ac)AAILGDTIM(ox)VAK_,2
249,_(ac)AAIPSSGSLVATHDYYR_,2
250,_(ac)AAIRDYK_,2
251,_(ac)AAIYGGVEGGGTRSEVLLVSEDGK_,2
252,_(ac)AAIYGGVEGGGTRSEVLLVSEDGK_,3
253,_(ac)AAIYGGVEGGGTRSEVLLVSEDG_,2
254,_(ac)AAIYGGVEGGGTR_,2
255,_(ac)AAKVQKLEEQFRSDAAMQK_,2
256,_(ac)AALAEEQTEVAVK_,2
257,_(ac)AALAPLPPLPAQFK_,2
258,_(ac)AALAPLPPLPAQF_,2
259,_(ac)AALDSLSLFTSLGLSEQK_,2
260,_(ac)AALDSLSLFTSLGLSEQ_,2
261,_(ac)AALGEPVRLER_,2
262,_(ac)AALGHLAGEAAAAPGPGTPCASR_,2
263,_(ac)AALGHLAGEAAAAPGPGTPCASR_,3
264,_(ac)AALGPSSQNVTEYVVRVPK_,2
265,_(ac)AALGPSSQNVTEYVVRVP_,2
266,_(ac)AALGPSSQNVTEYVVR_,2
267,_(ac)AALGSPSHTFR_,2
268,_(ac)AALGVAEAVAAPHPAEGAETAEAVELSR_,2
269,_(ac)AALGVAEAVAAPHPAEGAETAEAVELSR_,3
270,_(ac)AALGVLESDLPSAVTLLK_,2
271,_(ac)AALGVLESDLPSAVTLLK_,3
272,_(ac)AALGVLESDLPSAVTLL_,2
273,_(ac)AALHTTPDSPAAQLER_,2
274,_(ac)AALM(ox)TPGTGAPPAPGDFSGEGSQGLPDPSPEPK_,2
275,_(ac)AALM(ox)TPGTGAPPAPGDFSGEGSQGLPDPSPEPK_,3
276,_(ac)AALMTPGTGAPPAPGDFSGEGSQGLPDPSPEPK_,3
277,_(ac)AALTAEHFAALQSLLK_,2
278,_(ac)AALTAEHFAALQSLL_,2
279,_(ac)AALTRDPQFQK_,2
280,_(ac)AALTRDPQFQ_,2
281,_(ac)AALVEPLGLERDVSR_,2
282,_(ac)AALVLEDGSVLR_,2
283,_(ac)AAM(ox)APALTDAAAEAHHIRF_,2
284,_(ac)AAM(ox)APALTDAAAEAHHIRF_,3
285,_(ac)AAM(ox)YEIKVR_,2
286,_(ac)AANATTNPSQLLPLELVDK_,2
287,_(ac)AANATTNPSQLLPLELVD_,2
288,_(ac)AANSLPQDISDVELVHLAR_,2
289,_(ac)AANSSGQGFQNK_,2
290,_(ac)AANVFPFR_,2
291,_(ac)AANYSSTSTR_,2
292,_(ac)AAPAACTRFSDNYDIKEELG_,2
293,_(ac)AAPAACTRFSDNYDIK_,2
294,_(ac)AAPAEQVAAEIENLK_,2
295,_(ac)AAPAGGGGSAVSVLAPNGR_,2
296,_(ac)AAPAPGAGAASGGAGCSGGGAGAGAGSGSGAAGAGGR_,3
297,_(ac)AAPAPGLISVFSSSQELGAALAQLVAQR_,3
298,_(ac)AAPAQQTTQPGGGKR_,2
299,_(ac)AAPAQQTTQPGGGK_,2
300,_(ac)AAPCAEDPSLER_,2
301,_(ac)AAPCEGQAFAVGVEK_,2
302,_(ac)AAPDYALTDLIESDPRFESLK_,2
303,_(ac)AAPEAEVLSSAAVPDLEWYEK_,2
304,_(ac)AAPEEHDSPTEASQPIVEEEETKTF_,3
305,_(ac)AAPEEHDSPTEASQPIVEEEETK_,2
306,_(ac)AAPEEHDSPTEASQPIVEEEETK_,3
307,_(ac)AAPEEHDSPTEASQPIVEEEET_,2
308,_(ac)AAPEEHDSPTEASQPIVEEEET_,3
309,_(ac)AAPEERDLTQEQTEK_,2
310,_(ac)AAPEERDLTQEQTE_,2
311,_(ac)AAPEGSGLGEDAR_,2
312,_(ac)AAPEPLRPR_,2
313,_(ac)AAPEQPLAISR_,2
314,_(ac)AAPGALLVM(ox)GVSGSGK_,2
315,_(ac)AAPGAPAEYGYIR_,2
316,_(ac)AAPGPALCLFDVDGTLTAPR_,2
317,_(ac)AAPGPALCLFDVDGTLTAPR_,3
318,_(ac)AAPILNPSVPGTFALPFGVR_,2
319,_(ac)AAPLEAQDQAPGEGEGLLIVK_,2
320,_(ac)AAPLIPLSQQIPTGNSLYESYYK_,2
321,_(ac)AAPLIPLSQQIPTGNSLYESYYK_,3
322,_(ac)AAPLLHTRLPGDAAASSSAVK_,3
323,_(ac)AAPLLHTRLPGDAAASSSAV_,2
324,_(ac)AAPLLHTR_,2
325,_(ac)AAPM(ox)TPAARPEDYEAALNAALADVPELAR_,3
326,_(ac)AAPMTPAARPEDYEAALNAALADVPELAR_,3
327,_(ac)AAPPEPGEPEERK_,2
328,_(ac)AAPPEPGEPEER_,2
329,_(ac)AAPPGEYFSVGSQVSCR_,2
330,_(ac)AAPQDVHVR_,2
331,_(ac)AAPRPSPAISVSVSAPAFYAPQ_,2
332,_(ac)AAPSAGSWSTFQHK_,2
333,_(ac)AAPSDGFKPR_,2
334,_(ac)AAPSEVAAIAPGEGDGGGGGFGSWLDGR_,2
335,_(ac)AAPSEVAAIAPGEGDGGGGGFGSWLDGR_,3
336,_(ac)AAPSGGVNCEEFAEFQELLK_,2
337,_(ac)AAPSGGVNCEEFAEFQELLK_,3
338,_(ac)AAPVDLELK_,2
339,_(ac)AAPVVAPPGVVVSRAN_,2
340,_(ac)AAPVVAPPGVVVSR_,2
341,_(ac)AAQALALLR_,2
342,_(ac)AAQGEPQVQFK_,2
343,_(ac)AAQGVGPGPGSAAPPGLEAARQ_,2
344,_(ac)AAQGVGPGPGSAAPPGLEAAR_,2
345,_(ac)AAQIPIVATTSTPGIVR_,2
346,_(ac)AAQTILFDFTLDK_,2
347,_(ac)AAQVAPAAASSLGNPPPPPPSELK_,2
348,_(ac)AAQVAPAAASSLGNPPPPPPSELK_,3
349,_(ac)AARPLVTVYDEK_,2
350,_(ac)AARPQQPPM(ox)EM(ox)PDLSNAIVAQDEM(ox)GRPFIIVK_,3
351,_(ac)AARPQQPPM(ox)EM(ox)PDLSNAIVAQDEM(ox)GRPFIIVK_,4
352,_(ac)AARTVIIDHGSGFL_,2
353,_(ac)AASAAAAELQASGGPR_,2
354,_(ac)AASAAAASAAAASAASGSPGPGEGSAGGEK_,2
355,_(ac)AASAAAASAAAASAASGSPGPGEGSAGGEK_,3
356,_(ac)AASAAAASAAAASAASGSPGPGEGSAGGE_,2
357,_(ac)AASAAAASAAAASAASGSPGPGEGSAGGE_,3
358,_(ac)AASCVLLHTGQK_,2
359,_(ac)AASDTERDGLAPEK_,2
360,_(ac)AASEAAAAAGSAALAAGAR_,2
361,_(ac)AASEAAVVSSPSLK_,2
362,_(ac)AASEVAGVVANAPSPPESSSLCASK_,2
363,_(ac)AASEVAGVVANAPSPPESSSLCASK_,3
364,_(ac)AASGAVEPGPPGAAVAPSPAPAPPPAPDHLFR_,3
365,_(ac)AASGAVEPGPPGAAVAPSPAPAPPPAPDHLFR_,4
366,_(ac)AASGESGTSGGGGSTEEAFM(ox)TFYSEVK_,2
367,_(ac)AASGESGTSGGGGSTEEAFM(ox)TFYSEVK_,3
368,_(ac)AASGESGTSGGGGSTEEAFMTFYSEVK_,2
369,_(ac)AASGESGTSGGGGSTEEAFMTFYSEVK_,3
370,_(ac)AASKPVEAAVVAAAVPSSGSGVGGGGTAGPGTGGLPR_,4
371,_(ac)AASM(ox)HGQPSPSLEDAK_,2
372,_(ac)AASQAVEEM(ox)R_,2
373,_(ac)AASQAVEEMR_,2
374,_(ac)AASQTSQTVASHVPFADLCSTLER_,2
375,_(ac)AASQTSQTVASHVPFADLCSTLER_,3
376,_(ac)AASSSSSSAGGVSGSSVTGSGFSVSDLAPPR_,3
377,_(ac)AASTASHRPIK_,2
378,_(ac)AASTSM(ox)VPVAVTAAVAPVLSINSDFSDLR_,3
379,_(ac)AASTSMVPVAVTAAVAPVLSINSDFSDLR_,3
380,_(ac)AASVPPGGQRILQK_,2
381,_(ac)AATAAAVVAEEDTELR_,2
382,_(ac)AATAAEAVASGSGEPREEAGALGPAWDESQLR_,3
383,_(ac)AATAAEAVASGSGEPR_,2
384,_(ac)AATAAVSPSDYLQPAASTTQDSQPSPLALLAATCSK_,3
385,_(ac)AATALLEAGLAR_,2
386,_(ac)AATAREDGASGQER_,2
387,_(ac)AATASAGAGGIDGKPRTSP_,2
388,_(ac)AATASAGAGGIDGKPR_,2
389,_(ac)AATASAGAGGIDGK_,2
390,_(ac)AATASAGVPATVSEK_,2
391,_(ac)AATDIAEEAFHLRLGYLK_,2
392,_(ac)AATDIAEEAFHLRLGYLK_,3
393,_(ac)AATDIAEEAFHLRLGYL_,2
394,_(ac)AATDIAEEAFHLR_,2
395,_(ac)AATEDERLAGSGEGER_,2
396,_(ac)AATEGVGEAAQGGEPGQPAQPPPQPHPPPPQQQHK_,3
397,_(ac)AATEGVGEAAQGGEPGQPAQPPPQPHPPPPQQQHK_,4
398,_(ac)AATEGVGEAAQGGEPGQPAQPPPQPHPPPPQQQH_,3
399,_(ac)AATEGVGEAAQGGEPGQPAQPPPQPHPPPPQQQH_,4
400,_(ac)AATEPILAATGSPAAVPPEK_,2
401,_(ac)AATFFGEVVK_,2
402,_(ac)AATITDDIVATVLESIEEK_,2
403,_(ac)AATLILEPAGR_,2
404,_(ac)AATNLENQLHSAQK_,2
405,_(ac)AATQDYKPGDIPLEEQDDR_,2
406,_(ac)AATTANPEM(ox)TSDVPSLGPAIASGNSGPGIQGGGAIVQR_,3
407,_(ac)AATTANPEM(ox)TSDVPSLGPAIASGNSGPGIQGGGAIVQR_,4
408,_(ac)AATTANPEMTSDVPSLGPAIASGNSGPGIQGGGAIVQR_,3
409,_(ac)AATTGSGVKVPRNFRLLEELEEGQ_,3
410,_(ac)AATVNLELDPIFLK_,2
411,_(ac)AAVATCGSVAASTGSAVATASK_,2
412,_(ac)AAVAVAVREDSGSGM(ox)K_,2
413,_(ac)AAVAVAVREDSGSGM(ox)_,2
414,_(ac)AAVDLEKLRASGAG_,2
415,_(ac)AAVDSDVESLPR_,2
416,_(ac)AAVDSFYLLYR_,2
417,_(ac)AAVDVNQPITGHK_,2
418,_(ac)AAVEAAAEPVTVVAAVGPKA_,2
419,_(ac)AAVEAAAEPVTVVAAVGPK_,2
420,_(ac)AAVENAEPRTELQELQFK_,2
421,_(ac)AAVENAEPRTELQELQFK_,3
422,_(ac)AAVENAEPRTELQELQF_,2
423,_(ac)AAVETRVCETDGCSSEA_,2
424,_(ac)AAVGAGGSTAAPGPGAVSAGALEPGTASAAHR_,2
425,_(ac)AAVGAGGSTAAPGPGAVSAGALEPGTASAAHR_,3
426,_(ac)AAVGSGGYARNDAGE_,2
427,_(ac)AAVKEPLEFHA_,2
428,_(ac)AAVLESLLR_,2
429,_(ac)AAVLKPVLLGLR_,2
430,_(ac)AAVLQQVLERTELN_,2
431,_(ac)AAVLQQVLER_,2
432,_(ac)AAVPELLQQQEEDRSK_,2
433,_(ac)AAVPELLQQQEEDRS_,2
434,_(ac)AAVPELLQQQEEDR_,2
435,_(ac)AAVPQNNLQEQLER_,2
436,_(ac)AAVQAAEVKVDGSEPKLS_,2
437,_(ac)AAVQAAEVKVDGSEP_,2
438,_(ac)AAVQAAEVK_,2
439,_(ac)AAVQM(ox)DPELAK_,2
440,_(ac)AAVQMDPELAK_,2
441,_(ac)AAVRDYKTALEFA_,2
442,_(ac)AAVRDYK_,2
443,_(ac)AAVSDIPVHLPK_,2
444,_(ac)AAVSVYAPPVGGFSFDNCR_,2
445,_(ac)AAVTLHLRAETK_,2
446,_(ac)AAVTLHLR_,2
447,_(ac)AAVVENVVKLLGEQYY_,2
448,_(ac)AAVVEVEVGGGAAGER_,2
449,_(ac)AAYTEDQLAEFQEAFNLFDNRGDGK_,2
450,_(ac)AAYTEDQLAEFQEAFNLFDNRGDGK_,3
451,_(ac)AAYTEDQLAEFQEAFNLFDNR_,2
452,_(ac)AAYTEDQLAEFQEAFNLFDNR_,3
453,_(ac)ACARPLISVYSEK_,2
454,_(ac)ACARPLISVYSE_,2
455,_(ac)ACGLVASNLNLKPGECLR_,2
456,_(ac)ACGLVASNLNLK_,2
457,_(ac)ACLGLYCGKTLLFK_,2
458,_(ac)ACLLETPIR_,2
459,_(ac)ACLSRIDANLLQYYEK_,2
460,_(ac)ACPALGLEALQPLQPEPPPEPAFSEAQK_,3
461,_(ac)ACPLDQAIGLLVAIFHK_,2
462,_(ac)ACPLDQAIGLLVAIFHK_,3
463,_(ac)ACSIVQFCYFQDLQAAR_,2
464,_(ac)ACSPDAVVSPSSAFLR_,2
465,_(ac)ACTGPSLPSAFDILGAAGQDK_,2
466,_(ac)ADAAASPVGKR_,2
467,_(ac)ADAAATAGAGGSGTRSGS_,2
468,_(ac)ADAAATAGAGGSGTR_,2
469,_(ac)ADAAHQEFARRLALFSINVYGK_,3
470,_(ac)ADAAHQEFAR_,2
471,_(ac)ADAAPAGDAPPNAGAPAGEGGDGEIVGGPHNPQQIAAQK_,3
472,_(ac)ADAAPQLGKR_,2
473,_(ac)ADAASPCSVVNDLR_,2
474,_(ac)ADAASQVLLGSGLTILSQPLM(ox)YVK_,3
475,_(ac)ADAASQVLLGSGLTILSQPLMYVK_,2
476,_(ac)ADAASQVLLGSGLTILSQPLMYVK_,3
477,_(ac)ADAEAAATHPDHGQAIPTAK_,2
478,_(ac)ADAEVIILPK_,2
479,_(ac)ADAFGDELFSVFEGDSTTAAGTKKD_,2
480,_(ac)ADAFGDELFSVFEGDSTTAAGTKK_,2
481,_(ac)ADAFGDELFSVFEGDSTTAAGTK_,2
482,_(ac)ADAFGDELFSVFEGDSTTAAGTK_,3
483,_(ac)ADAGIRRVVPSDLYPLVLGFLRDNQLSEVAN_,3
484,_(ac)ADAGIRRVVPSDLYPLVLGFLRDNQLSEVAN_,4
485,_(ac)ADALLADLESTTSHISK_,2
486,_(ac)ADAWEEIRR_,2
487,_(ac)ADDAGAAGGPGGPGGPGM(ox)GNR_,2
488,_(ac)ADDAGAAGGPGGPGGPGMGNR_,2
489,_(ac)ADDAGLETPLCSEQFGSGEAR_,2
490,_(ac)ADDIDIEAM(ox)LEAPYKK_,2
491,_(ac)ADDIDIEAM(ox)LEAPYK_,2
492,_(ac)ADDIDIEAMLEAPYKK_,2
493,_(ac)ADDIDIEAMLEAPYK_,2
494,_(ac)ADDKVAILTDDEEEQKR_,3
495,_(ac)ADDLDFETGDAGASATFPM(ox)QCSALRK_,2
496,_(ac)ADDLDFETGDAGASATFPM(ox)QCSALR_,2
497,_(ac)ADDLDFETGDAGASATFPM(ox)QCSALR_,3
498,_(ac)ADDLDFETGDAGASATFPMQCSALRK_,2
499,_(ac)ADDLDFETGDAGASATFPMQCSALR_,2
500,_(ac)ADDLDFETGDAGASATFPMQCSALR_,3
501,_(ac)ADDLKRFLY_,2
502,_(ac)ADDPSAADRNVEIWK_,2
503,_(ac)ADDQGCIEEQGVEDSANEDSVDAKPDR_,2
504,_(ac)ADDQGCIEEQGVEDSANEDSVDAKPDR_,3
505,_(ac)ADDVDQQQTTNTVEEPLDLIR_,2
506,_(ac)ADDVDQQQTTNTVEEPLDLIR_,3
507,_(ac)ADDWESAADSEVVIRPTAAASVNK_,2
508,_(ac)ADDWESAADSEVVIRPTAAASVN_,2
509,_(ac)ADEAALALQPGGSPSAAGADR_,2
510,_(ac)ADEALAGLDEGALRK_,2
511,_(ac)ADEALAGLDEGALR_,2
512,_(ac)ADEALFLLLHNEM(ox)VSGVYK_,2
513,_(ac)ADEALFLLLHNEM(ox)VSGVY_,2
514,_(ac)ADEALFLLLHNEMVSGVYK_,2
515,_(ac)ADEAQAPPAEGAPPAEGEAPPPAEGAEGAVEGGEAAPPAEPAEPIK_,3
516,_(ac)ADEAQAPPAEGAPPAEGEAPPPAEGAEGAVEGGEAAPPAEPAEPIK_,4
517,_(ac)ADEATRRVVSEIPVL_,2
518,_(ac)ADEDGEGIHPSAPHR_,2
519,_(ac)ADEDGEGIHPSAPHR_,3
520,_(ac)ADEDILVDGRPLSSLK_,2
521,_(ac)ADEDLIFR_,2
522,_(ac)ADEEAGGTER_,2
523,_(ac)ADEEDPWGFDDGGEEEK_,2
524,_(ac)ADEELEALRRQRLAELQA_,3
525,_(ac)ADEELEALRR_,2
526,_(ac)ADEELEALR_,2
527,_(ac)ADEERLK_,2
528,_(ac)ADEGKSYSEHDDERVNFPQR_,3
529,_(ac)ADEGKSYSEHDDERVNFPQR_,4
530,_(ac)ADEQPNLVAGHPPALK_,2
531,_(ac)ADEQPNLVAGHPPAL_,2
532,_(ac)ADESITRM(ox)NLAAIK_,2
533,_(ac)ADETEQLSQVILPVKEPLDLIRLSLDE_,3
534,_(ac)ADETEQLSQVILPVK_,2
535,_(ac)ADFDDRVSDEEKVRIAA_,3
536,_(ac)ADFDDRVSDEEK_,2
537,_(ac)ADFDDRVSDEE_,2
538,_(ac)ADFDTYDDR_,2
539,_(ac)ADFGISAGQFVAVVWDK_,2
540,_(ac)ADFLLRPIK_,2
541,_(ac)ADFNAILEK_,2
542,_(ac)ADGEEPEKK_,2
543,_(ac)ADGELNVDSLITR_,2
544,_(ac)ADGEYDKEQLRILRNAF_,2
545,_(ac)ADGEYDKEQLRILRNAF_,3
546,_(ac)ADGGAASQDESSAAAAAAADSR_,2
547,_(ac)ADGGAASQDESSAAAAAAADSR_,3
548,_(ac)ADGGEREELLSPSPVSPAKR_,3
549,_(ac)ADGGSERADGRIV_,2
550,_(ac)ADGKAGDEKPE_,2
551,_(ac)ADGQM(ox)PFSCHYPSR_,2
552,_(ac)ADGQMPFSCHYPSR_,2
553,_(ac)ADGQVAELLLR_,2
554,_(ac)ADGSELYTVESILEHRK_,2
555,_(ac)ADGSELYTVESILEHR_,2
556,_(ac)ADGSLTGGGLEAAAM(ox)APER_,2
557,_(ac)ADGSLTGGGLEAAAMAPER_,2
558,_(ac)ADHAFHRPGPLK_,2
559,_(ac)ADHAFHRPGPL_,2
560,_(ac)ADHM(ox)MAMNHGR_,3
561,_(ac)ADHMMAMNHGR_,3
562,_(ac)ADHNPDSDSTPR_,2
563,_(ac)ADHSFSDGVPSDSVEAAK_,2
564,_(ac)ADHSFSDGVPSDSVEAAK_,3
565,_(ac)ADHSFSDGVPSDSVEAA_,2
566,_(ac)ADHVQSLAQLENLCK_,2
567,_(ac)ADHVQSLAQLENLCK_,3
568,_(ac)ADIDNKEQSELDQDLDDVEEVEEEETGEETKL_,3
569,_(ac)ADIDNLPRVV_,2
570,_(ac)ADIDNLPR_,2
571,_(ac)ADIIARLREDGIQ_,2
572,_(ac)ADILNVEQHQTVQEFK_,2
573,_(ac)ADILNVEQHQTVQEFK_,3
574,_(ac)ADILNVEQHQTVQEF_,2
575,_(ac)ADILSQSETLASQDLSGDFKK_,2
576,_(ac)ADILSQSETLASQDLSGDFKK_,3
577,_(ac)ADILSQSETLASQDLSGDFK_,2
578,_(ac)ADILSQSETLASQDLSGDFK_,3
579,_(ac)ADILSQSETLASQDLSGDF_,2
580,_(ac)ADIPIIWILGGPGCGK_,2
581,_(ac)ADIQTERAYQ_,2
582,_(ac)ADISLDELIRK_,2
583,_(ac)ADITDKTAEQLENLNIQDDQ_,2
584,_(ac)ADKEAAFDDAVEERVINEEY_,2
585,_(ac)ADKEAAFDDAVEERVINEEY_,3
586,_(ac)ADKEAFDDAVEERVINEEY_,2
587,_(ac)ADKEAFDDAVEERVINEEY_,3
588,_(ac)ADKIERHTF_,2
589,_(ac)ADKLTRIAIVNHD_,2
590,_(ac)ADKLTRIAIVNHD_,3
591,_(ac)ADKPDM(ox)GEIASFDKA_,2
592,_(ac)ADKPDM(ox)GEIASFDK_,2
593,_(ac)ADKPDM(ox)GEIASFD_,2
594,_(ac)ADKPDMGEIASFDKAK_,3
595,_(ac)ADKPDMGEIASFDK_,2
596,_(ac)ADLAECNIK_,2
597,_(ac)ADLANEEKPAIAPPVFVFQ_,2
598,_(ac)ADLDKLNIDSIIQRLLEVRGSKPG_,4
599,_(ac)ADLDKLNIDSIIQR_,2
600,_(ac)ADLEEQLSDEEKVRIAA_,2
601,_(ac)ADLEEQLSDEEKVRIAA_,3
602,_(ac)ADLEEQLSDEEK_,2
603,_(ac)ADLIHLGNIDVVIQK_,2
604,_(ac)ADLLGSILSSM(ox)EKPPSLGDQETRR_,3
605,_(ac)ADLLGSILSSM(ox)EKPPSLGDQETR_,2
606,_(ac)ADLLGSILSSM(ox)EKPPSLGDQETR_,3
607,_(ac)ADLLGSILSSM(ox)EK_,2
608,_(ac)ADLLGSILSSMEKPPSLGDQETR_,2
609,_(ac)ADLLGSILSSMEKPPSLGDQETR_,3
610,_(ac)ADLLGSILSSMEK_,2
611,_(ac)ADLSLADALTEPSPDIEGEIKR_,2
612,_(ac)ADLSLADALTEPSPDIEGEIKR_,3
613,_(ac)ADLSLADALTEPSPDIEGEIK_,2
614,_(ac)ADLTSVLTSVM(ox)FSPSSK_,2
615,_(ac)ADLTSVLTSVMFSPSSK_,2
616,_(ac)ADM(ox)EDLFGSDADSEAERK_,2
617,_(ac)ADM(ox)QNLVER_,2
618,_(ac)ADMEDLFGSDADSEAERK_,2
619,_(ac)ADMQNLVER_,2
620,_(ac)ADNAEPLTLSR_,2
621,_(ac)ADNEKLDNQRL_,2
622,_(ac)ADNEKLDNQR_,2
623,_(ac)ADNLDEFIEEQK_,2
624,_(ac)ADNSTSRFYTNLLIANYL_,2
625,_(ac)ADPDVLTEVPAALKR_,2
626,_(ac)ADPDVLTEVPAALK_,2
627,_(ac)ADPEVCCFITK_,2
628,_(ac)ADPHQLFDDTSSAQSR_,2
629,_(ac)ADPLSLLRQYNINK_,2
630,_(ac)ADPWQECM(ox)DYAVTLAR_,2
631,_(ac)ADQEHIDAGLLSTNFDM(ox)IQALPLNVK_,3
632,_(ac)ADQENSPLHTVGFDARFPQQNQTK_,2
633,_(ac)ADQENSPLHTVGFDARFPQQNQTK_,3
634,_(ac)ADQENSPLHTVGFDAR_,2
635,_(ac)ADQLTEEQIAEFKEAFSLFDK_,2
636,_(ac)ADQLTEEQIAEFKEAFSLFDK_,3
637,_(ac)ADQLTEEQIAEFK_,2
638,_(ac)ADQLTEEQIAEF_,2
639,_(ac)ADQLYLENIDEFVTDQNK_,2
640,_(ac)ADQLYLENIDEFVTDQNK_,3
641,_(ac)ADQVDENLK_,2
642,_(ac)ADRPAIQLIDEEK_,2
643,_(ac)ADSELQLVEQR_,2
644,_(ac)ADSGLREPQEDSQK_,2
645,_(ac)ADSGTAGGAALAAPAPGPGSGGPGPR_,2
646,_(ac)ADSGTAGGAALAAPAPGPGSGGPGPR_,3
647,_(ac)ADSKGEDLATAIL_,2
648,_(ac)ADSLESTPLPSPEDRLA_,2
649,_(ac)ADSLESTPLPSPEDR_,2
650,_(ac)ADSRDPASDQM(ox)QHWK_,3
651,_(ac)ADSRDPASDQM(ox)QHW_,2
652,_(ac)ADSRDPASDQMQHWK_,2
653,_(ac)ADSRDPASDQMQHWK_,3
654,_(ac)ADSSSFFSSAFSSAK_,2
655,_(ac)ADTDLFMECEEEELEPWQK_,2
656,_(ac)ADTLESSLEDPLR_,2
657,_(ac)ADTQYILPNDIGVSSLDCR_,2
658,_(ac)ADTQYILPNDIGVSSLDCR_,3
659,_(ac)ADTRSVHETRFEAAV_,3
660,_(ac)ADTTPNGPQGAGAVQFM(ox)M(ox)TNK_,2
661,_(ac)ADTTPNGPQGAGAVQFM(ox)MTNK_,2
662,_(ac)ADTTPNGPQGAGAVQFMM(ox)TNK_,2
663,_(ac)ADTTPNGPQGAGAVQFMM(ox)TNK_,3
664,_(ac)ADTTPNGPQGAGAVQFMMTNK_,2
665,_(ac)ADVDDFDSLSNAELRAK_,2
666,_(ac)ADVDDFDSLSNAELRA_,2
667,_(ac)ADVDVDVPSAAPVLDGAM(ox)DINTALQEVLK_,2
668,_(ac)ADVDVDVPSAAPVLDGAM(ox)DINTALQEVLK_,3
669,_(ac)ADVEDGEETCALASHSGSSGSK_,2
670,_(ac)ADVEIM(ox)QTVQTEVK_,2
671,_(ac)ADVEKEPEKTIAEDLVVT_,2
672,_(ac)ADVFEFELEGHESQASPQR_,2
673,_(ac)ADVFEFELEGHESQASPQR_,3
674,_(ac)ADVFPGNDSTASQDVANR_,2
675,_(ac)ADVLDLHEAGGEDFAM(ox)DEDGDESIHK_,2
676,_(ac)ADVLDLHEAGGEDFAM(ox)DEDGDESIHK_,3
677,_(ac)ADVLDLHEAGGEDFAM(ox)DEDGDESIH_,2
678,_(ac)ADVLDLHEAGGEDFAM(ox)DEDGDESIH_,3
679,_(ac)ADVLDLHEAGGEDFAMDEDGDESIHK_,2
680,_(ac)ADVLDLHEAGGEDFAMDEDGDESIHK_,3
681,_(ac)ADVLSVLRQYNIQK_,2
682,_(ac)ADVLSVLRQYNIQ_,2
683,_(ac)ADVLSVLR_,2
684,_(ac)ADVSDPSELFDLELHDLELQDDK_,2
685,_(ac)ADVTARSLQYEY_,2
686,_(ac)ADVVLDLYAEDLDK_,2
687,_(ac)ADYSSLTVVQLK_,2
688,_(ac)ADYSTVPPPSSGSAGGGGGGGGGGGVNDAFK_,2
689,_(ac)ADYSTVPPPSSGSAGGGGGGGGGGGVNDAFK_,3
690,_(ac)AEAAAAAGGTGLGAGASYGSAADR_,2
691,_(ac)AEAALLLLPEAAAERDARE_,2
692,_(ac)AEAALLLLPEAAAER_,2
693,_(ac)AEAASGAGGTSLEGERGK_,2
694,_(ac)AEAASGAGGTSLEGERG_,2
695,_(ac)AEAASGAGGTSLEGER_,2
696,_(ac)AEAATGFLEQLK_,2
697,_(ac)AEAEEDCHSDTVR_,2
698,_(ac)AEAEESPGDPGTASPR_,2
699,_(ac)AEAEGESLESWLNK_,2
700,_(ac)AEAEGGSEQDDVSFLR_,2
701,_(ac)AEAEGSSLLLLPPPPPPPR_,2
702,_(ac)AEAEGVPTTPGPASGSTFR_,2
703,_(ac)AEAGAGLSETVTETTVTVTTEPENRSLTIKLR_,3
704,_(ac)AEAGAGLSETVTETTVTVTTEPENRSLTI_,3
705,_(ac)AEAGAGLSETVTETTVTVTTEPENR_,2
706,_(ac)AEAGAGLSETVTETTVTVTTEPENR_,3
707,_(ac)AEAGDAALSVAEWLR_,2
708,_(ac)AEAGPQAPPPPGTPSRHE_,2
709,_(ac)AEAGPQAPPPPGTPSR_,2
710,_(ac)AEAHQAVAFQFTVTPDGIDLR_,2
711,_(ac)AEAM(ox)VVEDRPAEAK_,2
712,_(ac)AEAMVVEDRPAEAK_,2
713,_(ac)AEAPQVVEIDPDFEPLPRPR_,2
714,_(ac)AEAPQVVEIDPDFEPLPR_,2
715,_(ac)AEAQSGTGQLQEQKK_,2
716,_(ac)AEASAAGADSGAAVAAHR_,2
717,_(ac)AEASATGACGEAMAAAEGSSGPAGLTLGR_,3
718,_(ac)AEASIEKTQILQK_,2
719,_(ac)AEASIEKTQILQ_,2
720,_(ac)AEASPHPGR_,2
721,_(ac)AEASSANLGSGCEEK_,2
722,_(ac)AEAVFHAPK_,2
723,_(ac)AEAVLENVNVPAVVSK_,2
724,_(ac)AECGASGSGSSGDSLDK_,2
725,_(ac)AEDIEEILAEIDGSQIEEYQK_,2
726,_(ac)AEDLDELLDEVESK_,2
727,_(ac)AEDPVNQQAFAEDVAAAAAAGGAGGFAGPEPGHPDFK_,3
728,_(ac)AEDPVNQQAFAEDVAAAAAAGGAGGFAGPEPGHPDFK_,4
729,_(ac)AEDVSSAAPSPR_,2
730,_(ac)AEEEGPPVELRQR_,2
731,_(ac)AEEEGPPVELR_,2
732,_(ac)AEEESEFLEAYAGIRTAYK_,2
733,_(ac)AEEEVAKLEK_,2
734,_(ac)AEEGAVAVCVR_,2
735,_(ac)AEEGIAAGGVM(ox)DVNTALQEVLK_,2
736,_(ac)AEEGIAAGGVM(ox)DVNTALQEVLK_,3
737,_(ac)AEEGIAAGGVM(ox)DVNTALQEVL_,2
738,_(ac)AEEGIAAGGVMDVNTALQEVLK_,2
739,_(ac)AEEGIAAGGVMDVNTALQEVLK_,3
740,_(ac)AEEGPPEPSIDFVPALCFVPR_,2
741,_(ac)AEELVLER_,2
742,_(ac)AEEQEFTQLCK_,2
743,_(ac)AEEQPQVELFVK_,2
744,_(ac)AEESTDFSQFEEERNNDQYK_,2
745,_(ac)AEESTDFSQFEEERNNDQYK_,3
746,_(ac)AEESTDFSQFEEERNNDQY_,2
747,_(ac)AEESTDFSQFEEERNNDQY_,3
748,_(ac)AEESTDFSQFEEER_,2
749,_(ac)AEETQHNK_,2
750,_(ac)AEFLDDQETR_,2
751,_(ac)AEFSVERVEDK_,2
752,_(ac)AEGDYAEHVER_,2
753,_(ac)AEGERQPPPDSSEEAPPATQNFIIPK_,3
754,_(ac)AEGGAADLDTQRSDIATLLK_,2
755,_(ac)AEGGAADLDTQRSDIATLL_,2
756,_(ac)AEGGAADLDTQR_,2
757,_(ac)AEGGGPEPGEQER_,2
758,_(ac)AEGNGELLDDINQK_,2
759,_(ac)AEGNQQDAFLGLAPEEEK_,2
760,_(ac)AEGNTLISVDYEIFGK_,2
761,_(ac)AEGSAVSDPQHAAR_,2
762,_(ac)AEGTAEAPLENGGGGDSGAGALER_,2
763,_(ac)AEGTAEAPLENGGGGDSGAGALER_,3
764,_(ac)AEHLELLAEM(ox)PM(ox)VGR_,2
765,_(ac)AEHLELLAEM(ox)PMVGR_,2
766,_(ac)AEISDLDRQIEQLR_,2
767,_(ac)AEKFDHLEEHLE_,2
768,_(ac)AEKFDHLEEHLE_,3
769,_(ac)AEKQKHDGR_,2
770,_(ac)AELCPLAEELSCSICLEPFK_,2
771,_(ac)AELDIGQHCQVEHCR_,2
772,_(ac)AELDIGQHCQVEHCR_,3
773,_(ac)AELDLM(ox)APGPLPR_,2
774,_(ac)AELDLMAPGPLPR_,2
775,_(ac)AELDQLPDESSSAK_,2
776,_(ac)AELEEVTLDGKPLQALRVTDL_,2
777,_(ac)AELEEVTLDGKPLQALRVTDL_,3
778,_(ac)AELEEVTLDGK_,2
779,_(ac)AELEHLGGK_,2
780,_(ac)AELGAGGDGHRGGDGAVRSETAPDSYK_,3
781,_(ac)AELGAGGDGHRGGDGAVRSETAPDSY_,3
782,_(ac)AELGAGGDGHR_,2
783,_(ac)AELGEADEAELQRLVAAEQQK_,2
784,_(ac)AELGEADEAELQRLVAAEQQK_,3
785,_(ac)AELGEADEAELQRLVAAEQQ_,2
786,_(ac)AELGEADEAELQR_,2
787,_(ac)AELLASAGSACSWDFPR_,2
788,_(ac)AELM(ox)LLSEIADPTR_,2
789,_(ac)AELMLLSEIADPTR_,2
790,_(ac)AELNTHVNVKE_,2
791,_(ac)AELNTHVNVK_,2
792,_(ac)AELQFPGVYVEDVGHLAFGTLK_,2
793,_(ac)AELQLDPAM(ox)AGLGGGGGSGVGDGGGPVR_,2
794,_(ac)AELQLDPAM(ox)AGLGGGGGSGVGDGGGPVR_,3
795,_(ac)AELQM(ox)LLEEEIPGGRR_,2
796,_(ac)AELQM(ox)LLEEEIPGGR_,2
797,_(ac)AELQM(ox)LLEEEIPSGK_,2
798,_(ac)AELQMLLEEEIPSGKR_,2
799,_(ac)AELQMLLEEEIPSGK_,2
800,_(ac)AELQQLRVQEAVESM(ox)V_,2
801,_(ac)AELSEEALLSVLPTIRVPK_,2
802,_(ac)AELSEEALLSVLPTIRVP_,2
803,_(ac)AELSEEALLSVLPTIR_,2
804,_(ac)AELSEQVQNLSINDNNENGYVPPHLRGK_,3
805,_(ac)AELSEQVQNLSINDNNENGYVPPHLRGK_,4
806,_(ac)AELSEQVQNLSINDNNENGYVPPHLRG_,3
807,_(ac)AELTALESLIEM(ox)GFPRGRAE_,2
808,_(ac)AELTALESLIEM(ox)GFPRGRAE_,3
809,_(ac)AELTALESLIEM(ox)GFPR_,2
810,_(ac)AELTALESLIEMGFPR_,2
811,_(ac)AELTVEVRGSNGAFY_,2
812,_(ac)AELTVEVR_,2
813,_(ac)AELVQGQSAPVGM(ox)K_,2
814,_(ac)AELVQGQSAPVGMK_,2
815,_(ac)AEM(ox)DPVAEFPQPPGAAR_,2
816,_(ac)AENDVDNELLDYEDDEVETAAGGDGAEAPAKK_,2
817,_(ac)AENDVDNELLDYEDDEVETAAGGDGAEAPAKK_,3
818,_(ac)AENDVDNELLDYEDDEVETAAGGDGAEAPAK_,3
819,_(ac)AENERM(ox)YISYNNIHK_,2
820,_(ac)AENERM(ox)YISYNNIHK_,3
821,_(ac)AENGESSGPPR_,2
822,_(ac)AENHCELLSPAR_,2
823,_(ac)AENLLDGPPNPK_,2
824,_(ac)AENPSLENHRI_,2
825,_(ac)AENPSLENHR_,2
826,_(ac)AENQYYGTGR_,2
827,_(ac)AENSESLGTVPEHER_,2
828,_(ac)AENSLLRFITKN_,2
829,_(ac)AENSLLRFITK_,2
830,_(ac)AENSVLTSTTGRTSLADSSIFDS_,2
831,_(ac)AENSVLTSTTGR_,2
832,_(ac)AENVVEPGPPSAK_,2
833,_(ac)AEPASVAAESLAGSR_,2
834,_(ac)AEPDLECEQIRLK_,2
835,_(ac)AEPDLECEQIR_,2
836,_(ac)AEPDPSHPLETQAGK_,2
837,_(ac)AEPDYIEDDNPELIRPQK_,2
838,_(ac)AEPDYIEDDNPELIRPQK_,3
839,_(ac)AEPDYIEDDNPELIRPQ_,2
840,_(ac)AEPDYIEDDNPELIR_,2
841,_(ac)AEPFLSEYQHQPQTSNCTGAAAVQEELNPERPPGAEER_,4
842,_(ac)AEPLQPDPGAAEDAAAQAVETPGWK_,3
843,_(ac)AEPPSPVHCVAAAAPTATVSEK_,2
844,_(ac)AEPQAESEPLLGGAR_,2
845,_(ac)AEPQPPSGGLTDEAALSCCSDADPSTK_,2
846,_(ac)AEPQPPSGGLTDEAALSCCSDADPSTK_,3
847,_(ac)AEPSAATQSHSISSSSFGAEPSAPGGGGSPGACPALGTK_,3
848,_(ac)AEPSAATQSHSISSSSFGAEPSAPGGGGSPGACPALGTK_,4
849,_(ac)AEPSGAETRPPIR_,2
850,_(ac)AEPSQAPTPAPAAQPR_,2
851,_(ac)AEPTSDFETPIGWHASPELTPTLGPLSDTAPPR_,3
852,_(ac)AEPTVCSFLTK_,2
853,_(ac)AEPWGNELASAAAR_,2
854,_(ac)AEQDVENDLLDYDEEEEPQAPQESTPAPPKK_,3
855,_(ac)AEQDVENDLLDYDEEEEPQAPQESTPAPPK_,3
856,_(ac)AEQEPTAEQLAQIAAENEEDEHSVNYKPPAQK_,3
857,_(ac)AEQEPTAEQLAQIAAENEEDEHSVNYKPPAQK_,4
858,_(ac)AEQEPTAEQLAQIAAENEEDEHSVNYKPPAQ_,3
859,_(ac)AEQEPTAEQLAQIAAENEEDEHSVNYKPPAQ_,4
860,_(ac)AEQEPTAEQLAQIAAENEEDEHSVNYK_,3
861,_(ac)AEQEPTAEQLAQIAAENEEDEHSVNY_,3
862,_(ac)AEQISHK_,2
863,_(ac)AEQNDSNGNYDDGEEITEPEQLR_,2
864,_(ac)AEQVALSR_,2
865,_(ac)AEQWELDEEGIRR_,2
866,_(ac)AERAALEELV_,2
867,_(ac)AEREVESGPRK_,3
868,_(ac)AEREVESGPR_,2
869,_(ac)AERGELDLTGAK_,2
870,_(ac)AERGELDLTGA_,2
871,_(ac)AERGLEPSPAAVAALPPEVRAQLAELELELSEGDITQ_,3
872,_(ac)AERGYSFSLTTFSPSG_,2
873,_(ac)AERPEDLNLPNAVITRIIKEALPDGVNIS_,3
874,_(ac)AERPEDLNLPNAVITR_,2
875,_(ac)AERPEDLNLPNAVITR_,3
876,_(ac)AESDWDTVTVLRK_,2
877,_(ac)AESDWDTVTVLR_,2
878,_(ac)AESGESGGPPGSQDSAAGAEGAGAPAAAASAEPK_,2
879,_(ac)AESGESGGPPGSQDSAAGAEGAGAPAAAASAEPK_,3
880,_(ac)AESGGSSGGAGGGGAFGAGPGPERPNSTADK_,3
881,_(ac)AESHRLYVKG_,2
882,_(ac)AESHRLYVK_,2
883,_(ac)AESHRLYV_,2
884,_(ac)AESIIIRVQSPDGVKRITAT_,3
885,_(ac)AESIIIRVQSPDGV_,2
886,_(ac)AESSDKLYRVEYA_,2
887,_(ac)AESSESFTM(ox)ASSPAQR_,2
888,_(ac)AESSESFTMASSPAQR_,2
889,_(ac)AESSSESDHFR_,2
890,_(ac)AESTTLETIEIHPITFPPEVLAR_,2
891,_(ac)AESVDGAETVDQIR_,2
892,_(ac)AETDPKTVQDLTSVVQTLLQQM(ox)QD_,2
893,_(ac)AETDPKTVQDLTSVVQTLLQQM(ox)QD_,3
894,_(ac)AETEERSLDNFFA_,2
895,_(ac)AETKDAAQM(ox)LVTFK_,2
896,_(ac)AETKDVFGQEPHPVEDDLYK_,3
897,_(ac)AETLEAVEDAVDILEK_,2
898,_(ac)AETLEFNDVYQEVK_,2
899,_(ac)AETLPGSGDSGPGTASLGPGVAETGTR_,2
900,_(ac)AETLPGSGDSGPGTASLGPGVAETGTR_,3
901,_(ac)AETLSGLGDSGAAGAAALSSASSETGTR_,2
902,_(ac)AETLSGLGDSGAAGAAALSSASSETGTR_,3
903,_(ac)AETPPPPTAGAESCSEEPAR_,2
904,_(ac)AETSEEVAVLVQR_,2
905,_(ac)AETVADTRRLIT_,2
906,_(ac)AETVADTRR_,2
907,_(ac)AETYTFGTSLASITCHAWNK_,2
908,_(ac)AEVAETPSVEAQEEVAQPAEAQVLEAK_,2
909,_(ac)AEVEAVQIIAESLK_,2
910,_(ac)AEVEETLKR_,2
911,_(ac)AEVEQKK_,2
912,_(ac)AEVGEIIEGCR_,2
913,_(ac)AEVIDVSYGM(ox)ADDLKR_,2
914,_(ac)AEVLTVLEQPNSIKDFL_,2
915,_(ac)AEVLTVLEQPNSIK_,2
916,_(ac)AEVPHHNIPAVDM(ox)LNATSR_,2
917,_(ac)AEVPHHNIPAVDM(ox)LNATSR_,3
918,_(ac)AEVPPGPSSLLPPPAPPAPAAVEPR_,2
919,_(ac)AEVQVLVLDGRGHLLGR_,3
920,_(ac)AEVQVLVLDGR_,2
921,_(ac)AEVSIDQSKLPGVK_,2
922,_(ac)AEVSIDQSK_,2
923,_(ac)AEYLASIFGTEKD_,2
924,_(ac)AEYLASIFGTEK_,2
925,_(ac)AFAETYPAASSLPNGDCGRPR_,2
926,_(ac)AFAETYPAASSLPNGDCGR_,2
927,_(ac)AFGDVTTPQGLK_,2
928,_(ac)AFLASGPYLTHQQK_,2
929,_(ac)AFLASGPYLTHQQ_,2
930,_(ac)AFLDNPTIILAHIR_,2
931,_(ac)AFLLATCGGLDSGFVPSVQDFDK_,2
932,_(ac)AFLSQLQGGFAQLK_,2
933,_(ac)AFNKLSIENLDLAGK_,2
934,_(ac)AFPFDILHLEIIR_,2
935,_(ac)AFPHLQQPSFLLASLK_,2
936,_(ac)AFPHLQQPSFLLASL_,2
937,_(ac)AFPHRPDAPELPDFSM(ox)LK_,3
938,_(ac)AFPHRPDAPELPDFSM(ox)L_,2
939,_(ac)AFPHRPDAPELPDFSMLK_,3
940,_(ac)AFPRVKPAPDETSFSEALL_,2
941,_(ac)AFQPDQHELEQVIQLLQHAHSTDRDVQR_,4
942,_(ac)AFQPDQHELEQVIQLLQHAHSTDR_,3
943,_(ac)AFQPDQHELEQVIQLLQHAHSTDR_,4
944,_(ac)AFRIPFGK_,2
945,_(ac)AFSQVQCLDDNHVNWR_,3
946,_(ac)AFTELVETQRK_,2
947,_(ac)AFVATQGATVVDQTTLM(ox)K_,2
948,_(ac)AFVATQGATVVDQTTLMK_,2
949,_(ac)AGAAPTTAFGQAVIGPPGSGK_,2
950,_(ac)AGAASPCANGCGPGAPSDAEVLHLCR_,3
951,_(ac)AGAATQASLESAPR_,2
952,_(ac)AGAGGGNDIQWCFSQVK_,2
953,_(ac)AGAGPAPGLPGAGGPVVPGPGAGIPGKSGEERL_,2
954,_(ac)AGAGPAPGLPGAGGPVVPGPGAGIPGKSGEERL_,3
955,_(ac)AGAGPAPGLPGAGGPVVPGPGAGIPGK_,2
956,_(ac)AGAGPAPGLPGAGGPVVPGPGAGIPGK_,3
957,_(ac)AGAGSAAVSGAGTPVAGPTGR_,2
958,_(ac)AGAIENARKEI_,2
959,_(ac)AGAIENARK_,2
960,_(ac)AGAQPGVHALQLEPPTVVETLRRGS_,3
961,_(ac)AGAQPGVHALQLEPPTVVETLR_,2
962,_(ac)AGAQPGVHALQLEPPTVVETLR_,3
963,_(ac)AGASELGTGPGAAGGDGDDSLYPIAVLIDELR_,3
964,_(ac)AGATLFERAQALSSVNREEQDSSLLN_,3
965,_(ac)AGDLSAGFFM(ox)EELNTYRQK_,2
966,_(ac)AGDLSAGFFM(ox)EELNTYRQ_,2
967,_(ac)AGDLSAGFFM(ox)EELNTYR_,2
968,_(ac)AGDLSAGFFMEELNTYR_,2
969,_(ac)AGDSEQTLQNHQQPNGGEPFLIGVSGGTASGK_,3
970,_(ac)AGDTHCPAEPLAR_,2
971,_(ac)AGDVEGFCSSIHDTSVSAGFR_,2
972,_(ac)AGEKVEKPDT_,2
973,_(ac)AGENFATPFHGHVGR_,2
974,_(ac)AGENFATPFHGHVGR_,3
975,_(ac)AGEQKPSSNLLEQFILLA_,2
976,_(ac)AGEVIVDALPYIDHGYDDVGVR_,2
977,_(ac)AGFAELGLSSWLVEQCR_,2
978,_(ac)AGFPEHAR_,2
979,_(ac)AGFVAVHTGAGNCIDETK_,2
980,_(ac)AGGEAGVTLGQPHLSRQDLTTLDVTK_,2
981,_(ac)AGGEAGVTLGQPHLSRQDLTTLDVTK_,3
982,_(ac)AGGEAGVTLGQPHLSRQDLTTLDVT_,2
983,_(ac)AGGEAGVTLGQPHLSRQDLTTLDVT_,3
984,_(ac)AGGEAGVTLGQPHLSR_,2
985,_(ac)AGGGAGDPGLGAAAAPAPETREHLF_,2
986,_(ac)AGGGAGDPGLGAAAAPAPETR_,2
987,_(ac)AGGGAGDPGLGAAAAPAPETR_,3
988,_(ac)AGGHCGSFPAAAAGSGEIVQLNVGGTR_,3
989,_(ac)AGGVDGPIGIPFPDHSSDILSGLNEQR_,2
990,_(ac)AGGVDGPIGIPFPDHSSDILSGLNEQR_,3
991,_(ac)AGILFEDIFDVKDIDPEGK_,2
992,_(ac)AGILFEDIFDVKDIDPEG_,2
993,_(ac)AGILFEDIFDVK_,2
994,_(ac)AGITTIEAVKR_,2
995,_(ac)AGITTIEAVK_,2
996,_(ac)AGLELLSDQGYRVDGRRAGELR_,3
997,_(ac)AGLELLSDQGYRVDGRRAGELR_,4
998,_(ac)AGLELLSDQGYR_,2
999,_(ac)AGLEVLFASAAPAITCR_,2
1000,_(ac)AGLGHPAAFGR_,2
1001,_(ac)AGLNSLEAVKR_,2
1002,_(ac)AGLNSLEAVK_,2
1003,_(ac)AGLRNESEQEPLLGDTPGSREWDILETEEHYK_,4
1004,_(ac)AGLSDLELRRELQALGFQPGPITDTTRDVYRN_,4
1005,_(ac)AGLSDLELRR_,2
1006,_(ac)AGLSDLELR_,2
1007,_(ac)AGLSFDNYQRNNFLAENSHTQPK_,3
1008,_(ac)AGLTLFVGR_,2
1009,_(ac)AGLTVRDPAVDR_,2
1010,_(ac)AGLYSLGVSVFSDQGGRK_,2
1011,_(ac)AGLYSLGVSVFSDQGGR_,2
1012,_(ac)AGM(ox)VDFQDEEQVK_,2
1013,_(ac)AGMVDFQDEEQVK_,2
1014,_(ac)AGNAEPPPAGAACPQDR_,2
1015,_(ac)AGNANSDDEFHDAIGEEITEK_,2
1016,_(ac)AGNSAAAGGDIDESLYSR_,2
1017,_(ac)AGNSLVLPIVLWGR_,2
1018,_(ac)AGPAPPAADELPGPAAR_,2
1019,_(ac)AGPGPGAVLESPR_,2
1020,_(ac)AGPGSTGGQIGAAALAGGAR_,2
1021,_(ac)AGPLPDEQDFIQAYEEVREK_,2
1022,_(ac)AGPLPDEQDFIQAYEEVR_,2
1023,_(ac)AGPLPPLNQEAAFQK_,2
1024,_(ac)AGPQPLALQLEQLLNPRPSEADPEADPEEATAAR_,3
1025,_(ac)AGPQPLALQLEQLLNPR_,2
